Datetime,Open,High,Low,Close,Volume,Dividends,Stock Splits,higher_high,lower_low,higher_low,lower_high,lowest_low,highest_high
2024-11-04 20:00:00+00:00,1.29531991481781,1.2956892251968384,1.2950347661972046,1.2953871488571167,0,0.0,0.0,False,False,False,False,False,False
2024-11-04 21:00:00+00:00,1.29531991481781,1.2957396507263184,1.2952864170074463,1.2956725358963013,0,0.0,0.0,False,False,False,False,False,False
2024-11-04 22:00:00+00:00,1.295588493347168,1.2960419654846191,1.295202612876892,1.2958402633666992,0,0.0,0.0,False,False,False,False,False,False
2024-11-04 23:00:00+00:00,1.2959579229354858,1.2959747314453125,1.2953871488571167,1.295470952987671,0,0.0,0.0,False,False,False,False,False,False
2024-11-05 00:00:00+00:00,1.2954542636871338,1.2956892251968384,1.2949509620666504,1.295588493347168,0,0.0,0.0,False,False,False,False,False,False
2024-11-05 01:00:00+00:00,1.2954206466674805,1.2957731485366821,1.2948503494262695,1.2956053018569946,0,0.0,0.0,False,True,False,False,False,False
2024-11-05 02:00:00+00:00,1.295588493347168,1.2961931228637695,1.2955213785171509,1.2957731485366821,0,0.0,0.0,False,False,False,False,False,False
2024-11-05 03:00:00+00:00,1.2956892251968384,1.2960922718048096,1.2954206466674805,1.2955045700073242,0,0.0,0.0,False,False,False,False,False,False
2024-11-05 04:00:00+00:00,1.295470952987671,1.2961931228637695,1.29537034034729,1.2956725358963013,0,0.0,0.0,False,False,False,False,False,False
2024-11-05 05:00:00+00:00,1.2957228422164917,1.2963947057724,1.2956557273864746,1.296075463294983,0,0.0,0.0,False,False,False,False,False,False
2024-11-05 06:00:00+00:00,1.2960419654846191,1.2966301441192627,1.2958402633666992,1.2966301441192627,0,0.0,0.0,False,False,False,False,False,False
2024-11-05 07:00:00+00:00,1.2967478036880493,1.2981786727905273,1.2967478036880493,1.2977406978607178,0,0.0,0.0,False,False,False,False,False,False
2024-11-05 08:00:00+00:00,1.2978922128677368,1.2984652519226074,1.2972187995910645,1.2981280088424683,0,0.0,0.0,False,False,False,False,False,False
2024-11-05 09:00:00+00:00,1.2980101108551025,1.298482060432434,1.2976226806640625,1.298246145248413,0,0.0,0.0,False,False,False,False,False,False
2024-11-05 10:00:00+00:00,1.298296570777893,1.2986339330673218,1.2980775833129883,1.2983471155166626,0,0.0,0.0,False,False,False,False,False,False
2024-11-05 11:00:00+00:00,1.2983134984970093,1.2994775772094727,1.2981786727905273,1.299055576324463,0,0.0,0.0,False,False,False,False,False,False
2024-11-05 12:00:00+00:00,1.2993594408035278,1.2993594408035278,1.298482060432434,1.2987350225448608,0,0.0,0.0,False,False,False,False,False,False
2024-11-05 13:00:00+00:00,1.2986170053482056,1.298937439918518,1.2980270385742188,1.2983134984970093,0,0.0,0.0,False,False,False,False,False,False
2024-11-05 14:00:00+00:00,1.2982797622680664,1.3019477128982544,1.2982122898101807,1.300931453704834,0,0.0,0.0,False,False,False,False,False,False
2024-11-05 15:00:00+00:00,1.2997816801071167,1.3017781972885132,1.299190640449524,1.3003056049346924,0,0.0,0.0,False,False,False,False,False,False
2024-11-05 16:00:00+00:00,1.30027174949646,1.3016595840454102,1.3001364469528198,1.3014901876449585,0,0.0,0.0,False,False,False,False,False,False
2024-11-05 17:00:00+00:00,1.3014732599258423,1.303475022315979,1.3014732599258423,1.3033052682876587,0,0.0,0.0,False,False,False,False,False,False
2024-11-05 18:00:00+00:00,1.3032541275024414,1.3036789894104004,1.3024225234985352,1.3025072813034058,0,0.0,0.0,False,False,False,False,False,False
2024-11-05 19:00:00+00:00,1.302626132965088,1.3031013011932373,1.3020833730697632,1.3021003007888794,0,0.0,0.0,False,False,False,False,False,False
2024-11-05 20:00:00+00:00,1.3017951250076294,1.3027619123458862,1.3017951250076294,1.3026939630508423,0,0.0,0.0,False,False,False,False,False,False
2024-11-05 21:00:00+00:00,1.3026090860366821,1.3042571544647217,1.3025752305984497,1.3042571544647217,0,0.0,0.0,False,False,False,False,False,False
2024-11-05 22:00:00+00:00,1.304069995880127,1.3042571544647217,1.3031013011932373,1.3032711744308472,0,0.0,0.0,False,False,False,False,False,False
2024-11-05 23:00:00+00:00,1.3035939931869507,1.3047336339950562,1.3018798828125,1.3039849996566772,0,0.0,0.0,True,False,False,True,False,False
2024-11-06 00:00:00+00:00,1.303865909576416,1.3041549921035767,1.2962266206741333,1.2962266206741333,0,0.0,0.0,False,False,False,False,False,False
2024-11-06 01:00:00+00:00,1.2956053018569946,1.298296570777893,1.2949509620666504,1.2967814207077026,0,0.0,0.0,False,False,False,False,False,False
2024-11-06 02:00:00+00:00,1.2967478036880493,1.2967478036880493,1.2909055948257446,1.2909055948257446,0,0.0,0.0,False,False,False,False,False,False
2024-11-06 03:00:00+00:00,1.2905391454696655,1.2909388542175293,1.2866039276123047,1.28864324092865,0,0.0,0.0,False,False,False,False,False,False
2024-11-06 04:00:00+00:00,1.2889255285263062,1.2915725708007812,1.2881451845169067,1.291205644607544,0,0.0,0.0,False,False,False,False,False,False
2024-11-06 05:00:00+00:00,1.291122317314148,1.292741298675537,1.2882447242736816,1.2891582250595093,0,0.0,0.0,False,False,False,False,False,False
2024-11-06 06:00:00+00:00,1.2889422178268433,1.2891249656677246,1.2849671840667725,1.2862894535064697,0,0.0,0.0,False,True,False,False,False,False
2024-11-06 07:00:00+00:00,1.286554217338562,1.2888258695602417,1.2856941223144531,1.2867363691329956,0,0.0,0.0,False,False,False,False,False,False
2024-11-06 08:00:00+00:00,1.2866203784942627,1.2922234535217285,1.2863060235977173,1.2918895483016968,0,0.0,0.0,False,False,False,False,False,False
2024-11-06 09:00:00+00:00,1.2915558815002441,1.2922568321228027,1.2896901369094849,1.29027259349823,0,0.0,0.0,False,False,False,True,False,False
2024-11-06 10:00:00+00:00,1.2902226448059082,1.2908555269241333,1.2886930704116821,1.2893409729003906,0,0.0,0.0,False,False,False,False,False,False
2024-11-06 11:00:00+00:00,1.2889920473098755,1.2889920473098755,1.285264492034912,1.28564453125,0,0.0,0.0,False,False,False,False,False,False
2024-11-06 12:00:00+00:00,1.2859750986099243,1.2868356704711914,1.2847195863723755,1.2855783700942993,0,0.0,0.0,False,False,False,False,False,False
2024-11-06 13:00:00+00:00,1.2852479219436646,1.2871172428131104,1.2843235731124878,1.286554217338562,0,0.0,0.0,False,False,False,False,False,False
2024-11-06 14:00:00+00:00,1.2862563133239746,1.2869516611099243,1.2835652828216553,1.2857933044433594,0,0.0,0.0,False,True,True,False,False,False
2024-11-06 15:00:00+00:00,1.286719799041748,1.2889255285263062,1.2860909700393677,1.2889255285263062,0,0.0,0.0,False,False,False,False,False,False
2024-11-06 16:00:00+00:00,1.2889089584350586,1.2896403074264526,1.287133812904358,1.2895904779434204,0,0.0,0.0,False,False,False,False,False,False
2024-11-06 17:00:00+00:00,1.289723515510559,1.2908722162246704,1.2888922691345215,1.289008617401123,0,0.0,0.0,False,False,False,False,False,False
2024-11-06 18:00:00+00:00,1.2890751361846924,1.2919062376022339,1.2889255285263062,1.2908889055252075,0,0.0,0.0,True,False,False,True,False,False
2024-11-06 19:00:00+00:00,1.2906723022460938,1.2906723022460938,1.2887760400772095,1.2889422178268433,0,0.0,0.0,False,False,False,False,False,False
2024-11-06 20:00:00+00:00,1.2891747951507568,1.2898732423782349,1.2888258695602417,1.2888258695602417,0,0.0,0.0,False,False,False,False,False,False
2024-11-06 21:00:00+00:00,1.2886930704116821,1.288759469985962,1.2879958152770996,1.2879958152770996,0,0.0,0.0,False,False,False,False,False,False
2024-11-06 22:00:00+00:00,1.2880953550338745,1.288443922996521,1.2877801656723022,1.288078784942627,0,0.0,0.0,False,False,False,False,False,False
2024-11-06 23:00:00+00:00,1.2878466844558716,1.2885268926620483,1.2875481843948364,1.2882779836654663,0,0.0,0.0,False,True,True,False,False,False
2024-11-07 00:00:00+00:00,1.2882779836654663,1.2891913652420044,1.2879295349121094,1.2880953550338745,0,0.0,0.0,False,False,False,False,False,False
2024-11-07 01:00:00+00:00,1.288078784942627,1.2890418767929077,1.2877471446990967,1.2889422178268433,0,0.0,0.0,False,False,False,False,False,False
2024-11-07 02:00:00+00:00,1.2890418767929077,1.2911889553070068,1.2890418767929077,1.2911889553070068,0,0.0,0.0,False,False,False,False,False,False
2024-11-07 03:00:00+00:00,1.2911555767059326,1.2923569679260254,1.2910722494125366,1.2922067642211914,0,0.0,0.0,False,False,False,False,False,False
2024-11-07 04:00:00+00:00,1.2922568321228027,1.292590856552124,1.2915725708007812,1.2920564413070679,0,0.0,0.0,False,False,False,False,False,False
2024-11-07 05:00:00+00:00,1.2921398878097534,1.2934435606002808,1.2921398878097534,1.2929751873016357,0,0.0,0.0,False,False,False,False,False,False
2024-11-07 06:00:00+00:00,1.2931592464447021,1.293426752090454,1.2927078008651733,1.2933430671691895,0,0.0,0.0,False,False,False,False,False,False
2024-11-07 07:00:00+00:00,1.2928415536880493,1.2946995496749878,1.292641043663025,1.2932093143463135,0,0.0,0.0,False,False,False,True,False,False
2024-11-07 08:00:00+00:00,1.2930755615234375,1.2938618659973145,1.292590856552124,1.2928247451782227,0,0.0,0.0,False,False,False,False,False,False
2024-11-07 09:00:00+00:00,1.292657732963562,1.2926911115646362,1.2909055948257446,1.2909055948257446,0,0.0,0.0,False,False,False,False,False,False
2024-11-07 10:00:00+00:00,1.291122317314148,1.2917560338974,1.2899564504623413,1.290355920791626,0,0.0,0.0,False,True,False,False,False,False
2024-11-07 11:00:00+00:00,1.2905391454696655,1.2912555932998657,1.2902226448059082,1.290555715560913,0,0.0,0.0,False,False,False,False,False,False
2024-11-07 12:00:00+00:00,1.290289282798767,1.2955045700073242,1.290289282798767,1.2954542636871338,0,0.0,0.0,False,False,False,False,False,False
2024-11-07 13:00:00+00:00,1.2958570718765259,1.2974375486373901,1.295638918876648,1.2972524166107178,0,0.0,0.0,False,False,False,False,False,False
2024-11-07 14:00:00+00:00,1.2972861528396606,1.299545168876648,1.2966301441192627,1.2991230487823486,0,0.0,0.0,False,False,False,False,False,False
2024-11-07 15:00:00+00:00,1.2988699674606323,1.3006776571273804,1.2986170053482056,1.299899935722351,0,0.0,0.0,True,False,False,True,False,False
2024-11-07 16:00:00+00:00,1.2998660802841187,1.3000181913375854,1.2980775833129883,1.298566460609436,0,0.0,0.0,False,False,False,False,False,False
2024-11-07 17:00:00+00:00,1.2981956005096436,1.2989881038665771,1.2976564168930054,1.2989881038665771,0,0.0,0.0,False,False,False,False,False,False
2024-11-07 18:00:00+00:00,1.2988868951797485,1.2988868951797485,1.2972187995910645,1.2972187995910645,0,0.0,0.0,False,False,False,False,False,False
2024-11-07 19:00:00+00:00,1.2976058721542358,1.297808051109314,1.2951858043670654,1.2968486547470093,0,0.0,0.0,False,True,True,False,False,False
2024-11-07 20:00:00+00:00,1.2962435483932495,1.298971176147461,1.2962435483932495,1.2983471155166626,0,0.0,0.0,False,False,False,False,False,False
2024-11-07 21:00:00+00:00,1.2980270385742188,1.2987687587738037,1.2979090213775635,1.2987180948257446,0,0.0,0.0,False,False,False,False,False,False
2024-11-07 22:00:00+00:00,1.2988194227218628,1.29902184009552,1.2986844778060913,1.298937439918518,0,0.0,0.0,True,False,False,True,False,False
2024-11-07 23:00:00+00:00,1.2986170053482056,1.2986170053482056,1.2981280088424683,1.298380970954895,0,0.0,0.0,False,False,False,False,False,False
2024-11-08 00:00:00+00:00,1.2983640432357788,1.298380970954895,1.2976226806640625,1.297774314880371,0,0.0,0.0,False,False,False,False,False,False
2024-11-08 01:00:00+00:00,1.2978248596191406,1.2979090213775635,1.296562910079956,1.2972692251205444,0,0.0,0.0,False,False,False,False,False,False
2024-11-08 02:00:00+00:00,1.2973533868789673,1.2976058721542358,1.2963443994522095,1.2965123653411865,0,0.0,0.0,False,False,False,False,False,False
2024-11-08 03:00:00+00:00,1.2966804504394531,1.2975218296051025,1.2963947057724,1.2964956760406494,0,0.0,0.0,False,False,False,False,False,False
2024-11-08 04:00:00+00:00,1.2964115142822266,1.2969160079956055,1.2962435483932495,1.296764612197876,0,0.0,0.0,False,False,False,False,False,False
2024-11-08 05:00:00+00:00,1.2968318462371826,1.2973533868789673,1.2966973781585693,1.2970504760742188,0,0.0,0.0,False,False,False,False,False,False
2024-11-08 06:00:00+00:00,1.2971514463424683,1.2973029613494873,1.29629385471344,1.2968990802764893,0,0.0,0.0,False,False,False,False,False,False
2024-11-08 07:00:00+00:00,1.297117829322815,1.2973365783691406,1.2963274717330933,1.2964619398117065,0,0.0,0.0,False,False,False,False,False,False
2024-11-08 08:00:00+00:00,1.2967478036880493,1.2967478036880493,1.2937949895858765,1.2956892251968384,0,0.0,0.0,False,False,True,False,False,False
2024-11-08 09:00:00+00:00,1.295823574066162,1.2970000505447388,1.2956557273864746,1.2959579229354858,0,0.0,0.0,False,False,False,False,False,False
2024-11-08 10:00:00+00:00,1.2959747314453125,1.2961763143539429,1.295068383216858,1.2961763143539429,0,0.0,0.0,False,False,False,False,False,False
2024-11-08 11:00:00+00:00,1.2963947057724,1.2976900339126587,1.29629385471344,1.296764612197876,0,0.0,0.0,True,False,False,False,False,False
2024-11-08 12:00:00+00:00,1.296562910079956,1.2965795993804932,1.2939623594284058,1.2943978309631348,0,0.0,0.0,False,False,False,False,False,False
2024-11-08 13:00:00+00:00,1.2942973375320435,1.2950180768966675,1.2929251194000244,1.2943978309631348,0,0.0,0.0,False,False,False,False,False,False
2024-11-08 14:00:00+00:00,1.2942973375320435,1.2948503494262695,1.293426752090454,1.2940293550491333,0,0.0,0.0,False,False,False,False,False,False
2024-11-08 15:00:00+00:00,1.29361093044281,1.2946659326553345,1.2924071550369263,1.2939456701278687,0,0.0,0.0,False,False,False,False,False,False
2024-11-08 16:00:00+00:00,1.2940293550491333,1.294113039970398,1.29027259349823,1.29027259349823,0,0.0,0.0,False,False,False,False,False,False
2024-11-08 17:00:00+00:00,1.2904391288757324,1.2904391288757324,1.2885268926620483,1.2897900342941284,0,0.0,0.0,False,True,True,False,False,False
2024-11-08 18:00:00+00:00,1.289823293685913,1.2910722494125366,1.2897402048110962,1.2905889749526978,0,0.0,0.0,False,False,False,False,False,False
2024-11-08 19:00:00+00:00,1.2906389236450195,1.2914390563964844,1.2904391288757324,1.291388988494873,0,0.0,0.0,False,False,False,False,False,False
2024-11-08 20:00:00+00:00,1.291305661201477,1.292306900024414,1.2910555601119995,1.29215669631958,0,0.0,0.0,False,False,False,False,False,False
2024-11-08 21:00:00+00:00,1.2921899557113647,1.2925406694412231,1.291388988494873,1.2919394969940186,0,0.0,0.0,False,False,False,False,False,False
2024-11-08 22:00:00+00:00,1.2921398878097534,1.2921398878097534,1.2921398878097534,1.2921398878097534,0,0.0,0.0,False,False,False,False,False,False
2024-11-11 00:00:00+00:00,1.2915223836898804,1.2920063734054565,1.2910722494125366,1.2914557456970215,0,0.0,0.0,False,False,False,False,False,False
2024-11-11 01:00:00+00:00,1.2915891408920288,1.292590856552124,1.2915558815002441,1.2918561697006226,0,0.0,0.0,True,False,False,True,False,False
2024-11-11 02:00:00+00:00,1.2917894124984741,1.2923569679260254,1.291388988494873,1.2918895483016968,0,0.0,0.0,False,False,False,False,False,False
2024-11-11 03:00:00+00:00,1.2919729948043823,1.2922735214233398,1.2913223505020142,1.2915891408920288,0,0.0,0.0,False,False,False,False,False,False
2024-11-11 04:00:00+00:00,1.2914724349975586,1.2914891242980957,1.2902060747146606,1.291205644607544,0,0.0,0.0,False,False,False,False,False,False
2024-11-11 05:00:00+00:00,1.29128897190094,1.2916725873947144,1.2908555269241333,1.2915558815002441,0,0.0,0.0,False,False,False,False,False,False
2024-11-11 06:00:00+00:00,1.2912722826004028,1.2919062376022339,1.2911889553070068,1.2919062376022339,0,0.0,0.0,False,False,False,False,False,False
2024-11-11 07:00:00+00:00,1.2918394804000854,1.2921899557113647,1.2892411947250366,1.289706826210022,0,0.0,0.0,False,False,False,False,False,False
2024-11-11 08:00:00+00:00,1.289607048034668,1.2903724908828735,1.2889422178268433,1.2899730205535889,0,0.0,0.0,False,False,False,False,False,False
2024-11-11 09:00:00+00:00,1.290289282798767,1.290289282798767,1.2884273529052734,1.2901394367218018,0,0.0,0.0,False,False,False,False,False,False
2024-11-11 10:00:00+00:00,1.2900896072387695,1.2906889915466309,1.2884937524795532,1.2884937524795532,0,0.0,0.0,False,False,False,False,False,False
2024-11-11 11:00:00+00:00,1.2882945537567139,1.2888091802597046,1.2877801656723022,1.2885932922363281,0,0.0,0.0,False,False,False,False,False,False
2024-11-11 12:00:00+00:00,1.2885435819625854,1.2889587879180908,1.2876641750335693,1.288195013999939,0,0.0,0.0,False,False,False,False,False,False
2024-11-11 13:00:00+00:00,1.2882779836654663,1.2884604930877686,1.2856279611587524,1.2867032289505005,0,0.0,0.0,False,True,True,False,False,False
2024-11-11 14:00:00+00:00,1.2868688106536865,1.2877304553985596,1.2863225936889648,1.286852240562439,0,0.0,0.0,False,False,False,False,False,False
2024-11-11 15:00:00+00:00,1.2873823642730713,1.2875149250030518,1.28585946559906,1.2869349718093872,0,0.0,0.0,False,False,False,False,False,False
2024-11-11 16:00:00+00:00,1.2871006727218628,1.2875481843948364,1.2865873575210571,1.2869682312011719,0,0.0,0.0,False,False,False,False,False,False
2024-11-11 17:00:00+00:00,1.287166953086853,1.2872498035430908,1.2862563133239746,1.2863887548446655,0,0.0,0.0,False,False,False,False,False,False
2024-11-11 18:00:00+00:00,1.286372184753418,1.2866700887680054,1.285826325416565,1.2866039276123047,0,0.0,0.0,False,False,False,False,False,False
2024-11-11 19:00:00+00:00,1.2864713668823242,1.286686658859253,1.286173701286316,1.286173701286316,0,0.0,0.0,False,False,False,False,False,False
2024-11-11 20:00:00+00:00,1.2863060235977173,1.286686658859253,1.2862894535064697,1.2866535186767578,0,0.0,0.0,False,False,False,False,False,False
2024-11-11 21:00:00+00:00,1.2867363691329956,1.2870509624481201,1.286719799041748,1.2869184017181396,0,0.0,0.0,False,False,False,False,False,False
2024-11-11 22:00:00+00:00,1.2872000932693481,1.2874486446380615,1.2867363691329956,1.2871006727218628,0,0.0,0.0,True,False,False,False,False,False
2024-11-11 23:00:00+00:00,1.2868025302886963,1.2873326539993286,1.2864052057266235,1.2872995138168335,0,0.0,0.0,False,False,False,False,False,False
2024-11-12 00:00:00+00:00,1.2873492240905762,1.2873492240905762,1.2863887548446655,1.2866535186767578,0,0.0,0.0,False,False,False,False,False,False
2024-11-12 01:00:00+00:00,1.2866535186767578,1.287133812904358,1.2858924865722656,1.2862728834152222,0,0.0,0.0,False,False,False,False,False,False
2024-11-12 02:00:00+00:00,1.2859255075454712,1.2860578298568726,1.2848681211471558,1.2850496768951416,0,0.0,0.0,False,False,False,False,False,False
2024-11-12 03:00:00+00:00,1.2850992679595947,1.2854957580566406,1.284224510192871,1.284224510192871,0,0.0,0.0,False,False,False,False,False,False
2024-11-12 04:00:00+00:00,1.2841585874557495,1.284488558769226,1.2837300300598145,1.284488558769226,0,0.0,0.0,False,False,False,False,False,False
2024-11-12 05:00:00+00:00,1.2843400239944458,1.284703016281128,1.283202886581421,1.2833346128463745,0,0.0,0.0,False,False,False,False,False,False
2024-11-12 06:00:00+00:00,1.2831369638442993,1.2831369638442993,1.2816569805145264,1.2825446128845215,0,0.0,0.0,False,False,False,False,False,False
2024-11-12 07:00:00+00:00,1.2820513248443604,1.2827584743499756,1.2802950143814087,1.2814927101135254,0,0.0,0.0,False,False,False,False,False,False
2024-11-12 08:00:00+00:00,1.281295657157898,1.2825446128845215,1.2793940305709839,1.2825446128845215,0,0.0,0.0,False,True,False,False,False,False
2024-11-12 09:00:00+00:00,1.2824130058288574,1.2826926708221436,1.2813942432403564,1.2823801040649414,0,0.0,0.0,False,False,False,False,False,False
2024-11-12 10:00:00+00:00,1.2824459075927734,1.2824623584747314,1.2806720733642578,1.2818540334701538,0,0.0,0.0,False,False,False,False,False,False
2024-11-12 11:00:00+00:00,1.2821005582809448,1.2831369638442993,1.2819197177886963,1.2822321653366089,0,0.0,0.0,False,False,False,True,False,False
2024-11-12 12:00:00+00:00,1.2824294567108154,1.2827913761138916,1.2811315059661865,1.2821828126907349,0,0.0,0.0,False,False,False,False,False,False
2024-11-12 13:00:00+00:00,1.2821005582809448,1.2824130058288574,1.280524492263794,1.2809181213378906,0,0.0,0.0,False,False,False,False,False,False
2024-11-12 14:00:00+00:00,1.2810330390930176,1.2810330390930176,1.2785108089447021,1.2791157960891724,0,0.0,0.0,False,False,False,False,False,False
2024-11-12 15:00:00+00:00,1.2791322469711304,1.2791322469711304,1.2758194208145142,1.276356816291809,0,0.0,0.0,False,False,False,False,False,False
2024-11-12 16:00:00+00:00,1.2764382362365723,1.2765686511993408,1.273382544517517,1.273382544517517,0,0.0,0.0,False,False,False,False,False,False
2024-11-12 17:00:00+00:00,1.2733014822006226,1.2735283374786377,1.2721675634384155,1.2734798192977905,0,0.0,0.0,False,True,True,False,False,False
2024-11-12 18:00:00+00:00,1.2734798192977905,1.274518609046936,1.2734798192977905,1.2744860649108887,0,0.0,0.0,False,False,False,False,False,False
2024-11-12 19:00:00+00:00,1.2744210958480835,1.274632215499878,1.2738043069839478,1.273820400238037,0,0.0,0.0,False,False,False,False,False,False
2024-11-12 20:00:00+00:00,1.2737879753112793,1.2746647596359253,1.2736419439315796,1.2746647596359253,0,0.0,0.0,False,False,False,False,False,False
2024-11-12 21:00:00+00:00,1.2747459411621094,1.2751848697662354,1.2747459411621094,1.2748922109603882,0,0.0,0.0,False,False,False,False,False,False
2024-11-12 22:00:00+00:00,1.2751524448394775,1.275363802909851,1.2743885517120361,1.2749735116958618,0,0.0,0.0,False,False,False,True,False,False
2024-11-12 23:00:00+00:00,1.2745022773742676,1.2745022773742676,1.2737717628479004,1.2737717628479004,0,0.0,0.0,False,False,False,False,False,False
2024-11-13 00:00:00+00:00,1.2737069129943848,1.274047613143921,1.2731878757476807,1.2736095190048218,0,0.0,0.0,False,True,False,False,False,False
2024-11-13 01:00:00+00:00,1.2738852500915527,1.27524995803833,1.2737717628479004,1.274941086769104,0,0.0,0.0,False,False,False,False,False,False
2024-11-13 02:00:00+00:00,1.2751848697662354,1.2754125595092773,1.2746485471725464,1.2753475904464722,0,0.0,0.0,False,False,False,False,False,False
2024-11-13 03:00:00+00:00,1.27538001537323,1.2754939794540405,1.2742424011230469,1.2744860649108887,0,0.0,0.0,True,False,False,False,False,False
2024-11-13 04:00:00+00:00,1.2745022773742676,1.2747622728347778,1.2740962505340576,1.2744860649108887,0,0.0,0.0,False,False,False,False,False,False
2024-11-13 05:00:00+00:00,1.2747135162353516,1.2748109102249146,1.2738852500915527,1.2743724584579468,0,0.0,0.0,False,False,False,False,False,False
2024-11-13 06:00:00+00:00,1.2744048833847046,1.2747135162353516,1.2735933065414429,1.2743074893951416,0,0.0,0.0,False,False,False,False,False,False
2024-11-13 07:00:00+00:00,1.2742749452590942,1.274518609046936,1.27304208278656,1.273820400238037,0,0.0,0.0,False,False,True,False,False,False
2024-11-13 08:00:00+00:00,1.2735933065414429,1.274534821510315,1.27304208278656,1.274534821510315,0,0.0,0.0,False,False,True,False,False,False
2024-11-13 09:00:00+00:00,1.2745510339736938,1.2755427360534668,1.2735283374786377,1.2752337455749512,0,0.0,0.0,False,False,False,False,False,False
2024-11-13 10:00:00+00:00,1.2751686573028564,1.2751686573028564,1.2738691568374634,1.2739503383636475,0,0.0,0.0,False,False,False,False,False,False
2024-11-13 11:00:00+00:00,1.2741937637329102,1.2755264043807983,1.2737555503845215,1.2755264043807983,0,0.0,0.0,False,False,False,False,False,False
2024-11-13 12:00:00+00:00,1.2755101919174194,1.2757542133331299,1.274323582649231,1.2745835781097412,0,0.0,0.0,False,False,False,False,False,False
2024-11-13 13:00:00+00:00,1.2745997905731201,1.276617407798767,1.2737555503845215,1.2756729125976562,0,0.0,0.0,True,False,False,True,False,False
2024-11-13 14:00:00+00:00,1.274957299232483,1.2755916118621826,1.270405888557434,1.2708903551101685,0,0.0,0.0,False,False,False,False,False,False
2024-11-13 15:00:00+00:00,1.271213412284851,1.2724589109420776,1.2688262462615967,1.2723617553710938,0,0.0,0.0,False,True,False,False,False,False
2024-11-13 16:00:00+00:00,1.2724913358688354,1.2725560665130615,1.2708418369293213,1.2708418369293213,0,0.0,0.0,False,False,False,True,False,False
2024-11-13 17:00:00+00:00,1.270938754081726,1.2721028327941895,1.270163893699646,1.2708741426467896,0,0.0,0.0,False,False,False,False,False,False
2024-11-13 18:00:00+00:00,1.2710033655166626,1.2711488008499146,1.270099401473999,1.270551085472107,0,0.0,0.0,False,False,False,False,False,False
2024-11-13 19:00:00+00:00,1.2706156969070435,1.2719248533248901,1.270551085472107,1.270599603652954,0,0.0,0.0,False,False,False,False,False,False
2024-11-13 20:00:00+00:00,1.2706964015960693,1.2709871530532837,1.270099401473999,1.2703412771224976,0,0.0,0.0,False,False,False,False,False,False
2024-11-13 21:00:00+00:00,1.270551085472107,1.271164894104004,1.270551085472107,1.2708903551101685,0,0.0,0.0,False,False,False,False,False,False
2024-11-13 22:00:00+00:00,1.2708741426467896,1.2715365886688232,1.2701315879821777,1.2709709405899048,0,0.0,0.0,False,False,False,False,False,False
2024-11-13 23:00:00+00:00,1.270809531211853,1.271164894104004,1.2706156969070435,1.2706964015960693,0,0.0,0.0,False,False,False,False,False,False
2024-11-14 00:00:00+00:00,1.270938754081726,1.2710517644882202,1.2705026865005493,1.2706319093704224,0,0.0,0.0,False,False,False,False,False,False
2024-11-14 01:00:00+00:00,1.2705672979354858,1.2705672979354858,1.269293189048767,1.2694705724716187,0,0.0,0.0,False,False,False,False,False,False
2024-11-14 02:00:00+00:00,1.2692770957946777,1.269422173500061,1.2684237957000732,1.2684398889541626,0,0.0,0.0,False,False,False,False,False,False
2024-11-14 03:00:00+00:00,1.268455982208252,1.2693415880203247,1.2683594226837158,1.2684398889541626,0,0.0,0.0,False,False,False,False,False,False
2024-11-14 04:00:00+00:00,1.2684237957000732,1.2685847282409668,1.2680217027664185,1.2683756351470947,0,0.0,0.0,False,False,False,False,False,False
2024-11-14 05:00:00+00:00,1.2683594226837158,1.2689228057861328,1.267603874206543,1.2687939405441284,0,0.0,0.0,False,False,False,False,False,False
2024-11-14 06:00:00+00:00,1.268777847290039,1.2695833444595337,1.2684398889541626,1.2685847282409668,0,0.0,0.0,False,False,False,False,False,False
2024-11-14 07:00:00+00:00,1.2683594226837158,1.2693737745285034,1.2682147026062012,1.2686330080032349,0,0.0,0.0,False,False,False,False,False,False
2024-11-14 08:00:00+00:00,1.268842339515686,1.2692770957946777,1.2668811082839966,1.2668811082839966,0,0.0,0.0,False,False,False,False,False,False
2024-11-14 09:00:00+00:00,1.2670738697052002,1.267539620399475,1.2657426595687866,1.2657747268676758,0,0.0,0.0,False,False,False,False,False,False
2024-11-14 10:00:00+00:00,1.2657105922698975,1.265854835510254,1.262977123260498,1.264222502708435,0,0.0,0.0,False,True,True,False,False,False
2024-11-14 11:00:00+00:00,1.2642863988876343,1.2659670114517212,1.2631206512451172,1.2659670114517212,0,0.0,0.0,False,False,False,False,False,False
2024-11-14 12:00:00+00:00,1.2657586336135864,1.2672022581100464,1.265358328819275,1.2665764093399048,0,0.0,0.0,False,False,False,False,False,False
2024-11-14 13:00:00+00:00,1.2664639949798584,1.2679253816604614,1.2646381855010986,1.2657266855239868,0,0.0,0.0,False,False,False,False,False,False
2024-11-14 14:00:00+00:00,1.2660791873931885,1.2701799869537354,1.2660791873931885,1.2692770957946777,0,0.0,0.0,False,False,False,False,False,False
2024-11-14 15:00:00+00:00,1.2694543600082397,1.2710840702056885,1.268842339515686,1.2709063291549683,0,0.0,0.0,False,False,False,False,False,False
2024-11-14 16:00:00+00:00,1.270809531211853,1.271876335144043,1.2700347900390625,1.270551085472107,0,0.0,0.0,True,False,False,True,False,False
2024-11-14 17:00:00+00:00,1.2704219818115234,1.2706964015960693,1.269905686378479,1.2703090906143188,0,0.0,0.0,False,False,False,False,False,False
2024-11-14 18:00:00+00:00,1.27048659324646,1.27048659324646,1.2686814069747925,1.2686975002288818,0,0.0,0.0,False,False,False,False,False,False
2024-11-14 19:00:00+00:00,1.2687618732452393,1.2693415880203247,1.2685364484786987,1.2689549922943115,0,0.0,0.0,False,False,False,False,False,False
2024-11-14 20:00:00+00:00,1.2682790756225586,1.2682790756225586,1.2649260759353638,1.2656145095825195,0,0.0,0.0,False,True,True,False,False,False
2024-11-14 21:00:00+00:00,1.2658227682113647,1.2668169736862183,1.26558256149292,1.26675283908844,0,0.0,0.0,False,False,False,False,False,False
2024-11-14 22:00:00+00:00,1.2665603160858154,1.2672343254089355,1.2663518190383911,1.266688585281372,0,0.0,0.0,False,False,False,False,False,False
2024-11-14 23:00:00+00:00,1.266640543937683,1.2670094966888428,1.265854835510254,1.266447901725769,0,0.0,0.0,False,False,False,False,False,False
2024-11-15 00:00:00+00:00,1.2664319276809692,1.2667688131332397,1.2657105922698975,1.266255497932434,0,0.0,0.0,False,False,False,False,False,False
2024-11-15 01:00:00+00:00,1.26603102684021,1.2672183513641357,1.265934944152832,1.2665603160858154,0,0.0,0.0,False,False,False,False,False,False
2024-11-15 02:00:00+00:00,1.2667367458343506,1.267748475074768,1.2667367458343506,1.2676199674606323,0,0.0,0.0,False,False,False,False,False,False
2024-11-15 03:00:00+00:00,1.2676199674606323,1.2682468891143799,1.2675718069076538,1.267603874206543,0,0.0,0.0,False,False,False,False,False,False
2024-11-15 04:00:00+00:00,1.2675074338912964,1.2680699825286865,1.2674272060394287,1.267812728881836,0,0.0,0.0,False,False,False,False,False,False
2024-11-15 05:00:00+00:00,1.2677806615829468,1.267909288406372,1.2672343254089355,1.2675718069076538,0,0.0,0.0,False,False,False,False,False,False
2024-11-15 06:00:00+00:00,1.2673307657241821,1.2690516710281372,1.2668330669403076,1.2683594226837158,0,0.0,0.0,False,False,False,False,False,False
2024-11-15 07:00:00+00:00,1.2678771018981934,1.268729567527771,1.2670577764511108,1.2670577764511108,0,0.0,0.0,False,False,False,False,False,False
2024-11-15 08:00:00+00:00,1.2666244506835938,1.2669775485992432,1.265854835510254,1.2662235498428345,0,0.0,0.0,False,False,False,False,False,False
2024-11-15 09:00:00+00:00,1.26639986038208,1.2675074338912964,1.2650381326675415,1.265358328819275,0,0.0,0.0,False,False,False,False,False,False
2024-11-15 10:00:00+00:00,1.2651021480560303,1.268182635307312,1.2651021480560303,1.2676842212677002,0,0.0,0.0,False,False,False,False,False,False
2024-11-15 11:00:00+00:00,1.2674753665924072,1.2696961164474487,1.2669775485992432,1.2691805362701416,0,0.0,0.0,True,False,False,True,False,False
2024-11-15 12:00:00+00:00,1.2689871788024902,1.269293189048767,1.266800880432129,1.2677323818206787,0,0.0,0.0,False,False,False,False,False,False
2024-11-15 13:00:00+00:00,1.267909288406372,1.2686330080032349,1.2646541595458984,1.2649900913238525,0,0.0,0.0,False,False,False,False,False,False
2024-11-15 14:00:00+00:00,1.2649900913238525,1.2653422355651855,1.2629133462905884,1.2639188766479492,0,0.0,0.0,False,False,False,False,False,False
2024-11-15 15:00:00+00:00,1.2634397745132446,1.2634717226028442,1.261702299118042,1.2629930973052979,0,0.0,0.0,False,False,False,False,False,False
2024-11-15 16:00:00+00:00,1.2629293203353882,1.264222502708435,1.261957049369812,1.2625625133514404,0,0.0,0.0,False,False,False,False,False,False
2024-11-15 17:00:00+00:00,1.262977123260498,1.2637271881103516,1.262482762336731,1.2627538442611694,0,0.0,0.0,False,False,False,False,False,False
2024-11-15 18:00:00+00:00,1.2627220153808594,1.2632642984390259,1.261734127998352,1.262977123260498,0,0.0,0.0,False,False,False,False,False,False
2024-11-15 19:00:00+00:00,1.262977123260498,1.2631046772003174,1.2614316940307617,1.2614316940307617,0,0.0,0.0,False,False,False,False,False,False
2024-11-15 20:00:00+00:00,1.261193037033081,1.2612885236740112,1.2598425149917603,1.2606525421142578,0,0.0,0.0,False,True,True,False,False,False
2024-11-15 21:00:00+00:00,1.2606525421142578,1.262148141860962,1.2604777812957764,1.2619411945343018,0,0.0,0.0,False,False,False,False,False,False
2024-11-15 22:00:00+00:00,1.262179970741272,1.262179970741272,1.262179970741272,1.262179970741272,0,0.0,0.0,False,False,False,False,False,False
2024-11-18 00:00:00+00:00,1.261845588684082,1.2638391256332397,1.2616544961929321,1.2638391256332397,0,0.0,0.0,False,False,False,False,False,False
2024-11-18 01:00:00+00:00,1.2638869285583496,1.2641905546188354,1.2632323503494263,1.2634717226028442,0,0.0,0.0,True,False,False,True,False,False
2024-11-18 02:00:00+00:00,1.2635196447372437,1.2639987468719482,1.2629930973052979,1.2635835409164429,0,0.0,0.0,False,False,False,False,False,False
2024-11-18 03:00:00+00:00,1.263567566871643,1.2637592554092407,1.262148141860962,1.2625465393066406,0,0.0,0.0,False,False,False,False,False,False
2024-11-18 04:00:00+00:00,1.2626103162765503,1.2635196447372437,1.262434959411621,1.2634239196777344,0,0.0,0.0,False,False,False,False,False,False
2024-11-18 05:00:00+00:00,1.2633600234985352,1.2634079456329346,1.26264226436615,1.2630728483200073,0,0.0,0.0,False,False,False,False,False,False
2024-11-18 06:00:00+00:00,1.263008952140808,1.2640626430511475,1.2629611492156982,1.2638709545135498,0,0.0,0.0,False,False,False,False,False,False
2024-11-18 07:00:00+00:00,1.2638869285583496,1.263934850692749,1.2621641159057617,1.2627698183059692,0,0.0,0.0,False,False,False,False,False,False
2024-11-18 08:00:00+00:00,1.2627378702163696,1.2630728483200073,1.2615749835968018,1.262036681175232,0,0.0,0.0,False,False,False,False,False,False
2024-11-18 09:00:00+00:00,1.261845588684082,1.2635356187820435,1.2616068124771118,1.2630409002304077,0,0.0,0.0,False,False,False,False,False,False
2024-11-18 10:00:00+00:00,1.262977123260498,1.2630887031555176,1.2616386413574219,1.2629133462905884,0,0.0,0.0,False,False,False,False,False,False
2024-11-18 11:00:00+00:00,1.2629611492156982,1.263024926185608,1.2614316940307617,1.261957049369812,0,0.0,0.0,False,True,True,False,False,False
2024-11-18 12:00:00+00:00,1.262036681175232,1.2629133462905884,1.261813759803772,1.2627060413360596,0,0.0,0.0,False,False,False,False,False,False
2024-11-18 13:00:00+00:00,1.2625784873962402,1.2630568742752075,1.2621322870254517,1.2624667882919312,0,0.0,0.0,False,False,False,False,False,False
2024-11-18 14:00:00+00:00,1.262482762336731,1.2636793851852417,1.2620208263397217,1.2631685733795166,0,0.0,0.0,False,False,False,False,False,False
2024-11-18 15:00:00+00:00,1.2632005214691162,1.264302372932434,1.2622597217559814,1.2640626430511475,0,0.0,0.0,False,False,False,False,False,False
2024-11-18 16:00:00+00:00,1.2640786170959473,1.2661913633346558,1.2640626430511475,1.2661913633346558,0,0.0,0.0,False,False,False,False,False,False
2024-11-18 17:00:00+00:00,1.2663036584854126,1.2668811082839966,1.2654544115066528,1.266640543937683,0,0.0,0.0,False,False,False,False,False,False
2024-11-18 18:00:00+00:00,1.266592264175415,1.2681182622909546,1.266544222831726,1.2680699825286865,0,0.0,0.0,False,False,False,False,False,False
2024-11-18 19:00:00+00:00,1.2681503295898438,1.2686975002288818,1.2670416831970215,1.2672985792160034,0,0.0,0.0,True,False,False,True,False,False
2024-11-18 20:00:00+00:00,1.2672665119171143,1.2678449153900146,1.2672665119171143,1.2673789262771606,0,0.0,0.0,False,False,False,False,False,False
2024-11-18 21:00:00+00:00,1.267539620399475,1.2681987285614014,1.267539620399475,1.2678449153900146,0,0.0,0.0,False,False,False,False,False,False
2024-11-18 22:00:00+00:00,1.2677323818206787,1.2681503295898438,1.267603874206543,1.2680217027664185,0,0.0,0.0,False,False,False,False,False,False
2024-11-18 23:00:00+00:00,1.268005609512329,1.268005609512329,1.2672826051712036,1.267909288406372,0,0.0,0.0,False,False,False,False,False,False
2024-11-19 00:00:00+00:00,1.267909288406372,1.2679253816604614,1.2667688131332397,1.2668330669403076,0,0.0,0.0,False,False,False,False,False,False
2024-11-19 01:00:00+00:00,1.266849160194397,1.2677806615829468,1.2666724920272827,1.2676520347595215,0,0.0,0.0,False,True,True,False,False,False
2024-11-19 02:00:00+00:00,1.2677645683288574,1.2679413557052612,1.2672985792160034,1.2677003145217896,0,0.0,0.0,False,False,False,False,False,False
2024-11-19 03:00:00+00:00,1.2677645683288574,1.2687618732452393,1.267748475074768,1.2685364484786987,0,0.0,0.0,False,False,False,False,False,False
2024-11-19 04:00:00+00:00,1.2685526609420776,1.268890619277954,1.2674272060394287,1.2674592733383179,0,0.0,0.0,True,False,False,True,False,False
2024-11-19 05:00:00+00:00,1.2674753665924072,1.2674753665924072,1.2668169736862183,1.2669293880462646,0,0.0,0.0,False,False,False,False,False,False
2024-11-19 06:00:00+00:00,1.2669293880462646,1.26797354221344,1.2668651342391968,1.2677645683288574,0,0.0,0.0,False,False,False,False,False,False
2024-11-19 07:00:00+00:00,1.2677645683288574,1.267861008644104,1.2664639949798584,1.26739501953125,0,0.0,0.0,False,False,False,False,False,False
2024-11-19 08:00:00+00:00,1.2672183513641357,1.267909288406372,1.265262246131897,1.2654223442077637,0,0.0,0.0,False,False,False,False,False,False
2024-11-19 09:00:00+00:00,1.2655024528503418,1.265982985496521,1.2615113258361816,1.2630409002304077,0,0.0,0.0,False,True,True,False,False,False
2024-11-19 10:00:00+00:00,1.2629133462905884,1.2647820711135864,1.2627060413360596,1.2635995149612427,0,0.0,0.0,False,False,False,False,False,False
2024-11-19 11:00:00+00:00,1.2636314630508423,1.2642384767532349,1.2627378702163696,1.2634717226028442,0,0.0,0.0,False,False,False,False,False,False
2024-11-19 12:00:00+00:00,1.263567566871643,1.264430284500122,1.2630409002304077,1.264430284500122,0,0.0,0.0,False,False,False,False,False,False
2024-11-19 13:00:00+00:00,1.2644143104553223,1.2654062509536743,1.2634397745132446,1.2634557485580444,0,0.0,0.0,False,False,False,False,False,False
2024-11-19 14:00:00+00:00,1.2634079456329346,1.265310287475586,1.2630728483200073,1.264222502708435,0,0.0,0.0,False,False,False,False,False,False
2024-11-19 15:00:00+00:00,1.26385498046875,1.2670738697052002,1.263248324394226,1.2665764093399048,0,0.0,0.0,False,False,False,False,False,False
2024-11-19 16:00:00+00:00,1.2664800882339478,1.2677806615829468,1.2663837671279907,1.2667688131332397,0,0.0,0.0,False,False,False,False,False,False
2024-11-19 17:00:00+00:00,1.266592264175415,1.2681503295898438,1.266592264175415,1.2671701908111572,0,0.0,0.0,False,False,False,False,False,False
2024-11-19 18:00:00+00:00,1.2671059370040894,1.267861008644104,1.266255497932434,1.2677966356277466,0,0.0,0.0,False,False,False,False,False,False
2024-11-19 19:00:00+00:00,1.2678931951522827,1.2681182622909546,1.266993522644043,1.2678449153900146,0,0.0,0.0,False,False,False,False,False,False
2024-11-19 20:00:00+00:00,1.2676360607147217,1.2684398889541626,1.2675718069076538,1.2678931951522827,0,0.0,0.0,False,False,False,False,False,False
2024-11-19 21:00:00+00:00,1.267812728881836,1.2685686349868774,1.2676681280136108,1.268343448638916,0,0.0,0.0,False,False,False,False,False,False
2024-11-19 22:00:00+00:00,1.2682307958602905,1.268295168876648,1.2678771018981934,1.2679896354675293,0,0.0,0.0,False,False,False,False,False,False
2024-11-19 23:00:00+00:00,1.2680538892745972,1.269422173500061,1.2680538892745972,1.269422173500061,0,0.0,0.0,False,False,False,False,False,False
2024-11-20 00:00:00+00:00,1.2694865465164185,1.269599437713623,1.2686814069747925,1.2686814069747925,0,0.0,0.0,True,False,False,False,False,False
2024-11-20 01:00:00+00:00,1.2689228057861328,1.2691644430160522,1.2684882879257202,1.2688745260238647,0,0.0,0.0,False,False,False,False,False,False
2024-11-20 02:00:00+00:00,1.2689871788024902,1.2693899869918823,1.2688262462615967,1.2689871788024902,0,0.0,0.0,False,False,False,False,False,False
2024-11-20 03:00:00+00:00,1.2690032720565796,1.2691805362701416,1.2680860757827759,1.2682468891143799,0,0.0,0.0,False,False,False,False,False,False
2024-11-20 04:00:00+00:00,1.2682147026062012,1.2689228057861328,1.2680217027664185,1.2687618732452393,0,0.0,0.0,False,False,True,False,False,False
2024-11-20 05:00:00+00:00,1.2687618732452393,1.2690677642822266,1.268455982208252,1.2684721946716309,0,0.0,0.0,False,False,False,False,False,False
2024-11-20 06:00:00+00:00,1.2684078216552734,1.269261121749878,1.2680860757827759,1.26874577999115,0,0.0,0.0,False,False,False,False,False,False
2024-11-20 07:00:00+00:00,1.2702605724334717,1.2714719772338867,1.26966392993927,1.26966392993927,0,0.0,0.0,True,False,False,True,False,False
2024-11-20 08:00:00+00:00,1.269712209701538,1.269712209701538,1.2675557136535645,1.2677003145217896,0,0.0,0.0,False,False,False,False,False,False
2024-11-20 09:00:00+00:00,1.2674753665924072,1.2682147026062012,1.2664639949798584,1.2670416831970215,0,0.0,0.0,False,False,False,False,False,False
2024-11-20 10:00:00+00:00,1.2669775485992432,1.26739501953125,1.2657747268676758,1.266175389289856,0,0.0,0.0,False,False,False,False,False,False
2024-11-20 11:00:00+00:00,1.2660471200942993,1.2661913633346558,1.26511812210083,1.2661913633346558,0,0.0,0.0,False,False,False,False,False,False
2024-11-20 12:00:00+00:00,1.2663357257843018,1.2673146724700928,1.2663357257843018,1.2669453620910645,0,0.0,0.0,False,False,False,False,False,False
2024-11-20 13:00:00+00:00,1.2668330669403076,1.2675235271453857,1.2664639949798584,1.2674272060394287,0,0.0,0.0,False,False,False,False,False,False
2024-11-20 14:00:00+00:00,1.2674914598464966,1.2674914598464966,1.2642544507980347,1.264430284500122,0,0.0,0.0,False,False,False,False,False,False
2024-11-20 15:00:00+00:00,1.2643663883209229,1.2662074565887451,1.2642065286636353,1.2652462720870972,0,0.0,0.0,False,False,False,False,False,False
2024-11-20 16:00:00+00:00,1.2654383182525635,1.2655985355377197,1.263248324394226,1.2640306949615479,0,0.0,0.0,False,False,False,False,False,False
2024-11-20 17:00:00+00:00,1.2637592554092407,1.2662074565887451,1.2632323503494263,1.2654863595962524,0,0.0,0.0,False,True,True,False,False,False
2024-11-20 18:00:00+00:00,1.2654383182525635,1.2655184268951416,1.264222502708435,1.2649260759353638,0,0.0,0.0,False,False,False,False,False,False
2024-11-20 19:00:00+00:00,1.2649900913238525,1.265166163444519,1.2645741701126099,1.2648460865020752,0,0.0,0.0,False,False,False,False,False,False
2024-11-20 20:00:00+00:00,1.2647502422332764,1.2647660970687866,1.2643823623657227,1.2645741701126099,0,0.0,0.0,False,False,False,False,False,False
2024-11-20 21:00:00+00:00,1.2647502422332764,1.2653743028640747,1.2646541595458984,1.265310287475586,0,0.0,0.0,False,False,False,False,False,False
2024-11-20 22:00:00+00:00,1.2655024528503418,1.2657907009124756,1.2651021480560303,1.265310287475586,0,0.0,0.0,False,False,False,False,False,False
2024-11-20 23:00:00+00:00,1.265214204788208,1.2654703855514526,1.26511812210083,1.2654703855514526,0,0.0,0.0,False,False,False,False,False,False
2024-11-21 00:00:00+00:00,1.2655985355377197,1.2658227682113647,1.2651821374893188,1.2655184268951416,0,0.0,0.0,False,False,False,False,False,False
2024-11-21 01:00:00+00:00,1.2655344009399414,1.2659510374069214,1.2654544115066528,1.2654863595962524,0,0.0,0.0,False,False,False,False,False,False
2024-11-21 02:00:00+00:00,1.2655344009399414,1.265854835510254,1.2651821374893188,1.2655184268951416,0,0.0,0.0,False,False,False,False,False,False
2024-11-21 03:00:00+00:00,1.2655503749847412,1.2659510374069214,1.265310287475586,1.2658867835998535,0,0.0,0.0,False,False,False,False,False,False
2024-11-21 04:00:00+00:00,1.2659189701080322,1.2660471200942993,1.2652782201766968,1.2655024528503418,0,0.0,0.0,True,False,False,False,False,False
2024-11-21 05:00:00+00:00,1.2655024528503418,1.2655503749847412,1.2650221586227417,1.2650861740112305,0,0.0,0.0,False,False,False,False,False,False
2024-11-21 06:00:00+00:00,1.2650861740112305,1.2657747268676758,1.2647181749343872,1.2654062509536743,0,0.0,0.0,False,False,False,False,False,False
2024-11-21 07:00:00+00:00,1.265262246131897,1.265262246131897,1.2639987468719482,1.2648781538009644,0,0.0,0.0,False,False,False,False,False,False
2024-11-21 08:00:00+00:00,1.2648301124572754,1.2649421691894531,1.2632802724838257,1.2643184661865234,0,0.0,0.0,False,False,False,False,False,False
2024-11-21 09:00:00+00:00,1.2640306949615479,1.2640306949615479,1.2624667882919312,1.2632642984390259,0,0.0,0.0,False,False,True,False,False,False
2024-11-21 10:00:00+00:00,1.2632802724838257,1.2635036706924438,1.2626581192016602,1.263008952140808,0,0.0,0.0,False,False,False,False,False,False
2024-11-21 11:00:00+00:00,1.263296127319336,1.265166163444519,1.2631524801254272,1.2636632919311523,0,0.0,0.0,False,False,False,False,False,False
2024-11-21 12:00:00+00:00,1.2639508247375488,1.2643823623657227,1.2631845474243164,1.2639667987823486,0,0.0,0.0,False,False,False,False,False,False
2024-11-21 13:00:00+00:00,1.264014720916748,1.2656785249710083,1.263375997543335,1.2649421691894531,0,0.0,0.0,True,False,False,False,False,False
2024-11-21 14:00:00+00:00,1.2649741172790527,1.2650221586227417,1.2623074054718018,1.2634239196777344,0,0.0,0.0,False,False,False,False,False,False
2024-11-21 15:00:00+00:00,1.2637752294540405,1.2650381326675415,1.261765956878662,1.2619411945343018,0,0.0,0.0,False,False,False,False,False,False
2024-11-21 16:00:00+00:00,1.261765956878662,1.2621641159057617,1.2587958574295044,1.2588751316070557,0,0.0,0.0,False,False,False,False,False,False
2024-11-21 17:00:00+00:00,1.258605718612671,1.2602394819259644,1.257735013961792,1.2599854469299316,0,0.0,0.0,False,True,False,False,False,False
2024-11-21 18:00:00+00:00,1.2600648403167725,1.260493516921997,1.2592238187789917,1.2602235078811646,0,0.0,0.0,False,False,False,False,False,False
2024-11-21 19:00:00+00:00,1.2601759433746338,1.260398268699646,1.2592872381210327,1.2603347301483154,0,0.0,0.0,False,False,False,False,False,False
2024-11-21 20:00:00+00:00,1.2603188753128052,1.2606048583984375,1.2596044540405273,1.2597472667694092,0,0.0,0.0,False,False,False,True,False,False
2024-11-21 21:00:00+00:00,1.2596362829208374,1.2596997022628784,1.2587324380874634,1.2589701414108276,0,0.0,0.0,False,False,False,False,False,False
2024-11-21 22:00:00+00:00,1.259303092956543,1.2593189477920532,1.258985996246338,1.2591445446014404,0,0.0,0.0,False,False,False,False,False,False
2024-11-21 23:00:00+00:00,1.259176254272461,1.259176254272461,1.2584155797958374,1.2584155797958374,0,0.0,0.0,False,False,False,False,False,False
2024-11-22 00:00:00+00:00,1.2586374282836914,1.2591603994369507,1.2584948539733887,1.2590652704238892,0,0.0,0.0,False,False,False,False,False,False
2024-11-22 01:00:00+00:00,1.2590652704238892,1.2594457864761353,1.258669137954712,1.258669137954712,0,0.0,0.0,False,False,False,False,False,False
2024-11-22 02:00:00+00:00,1.2588592767715454,1.2590335607528687,1.2582098245620728,1.2587007284164429,0,0.0,0.0,False,False,False,False,False,False
2024-11-22 03:00:00+00:00,1.2588433027267456,1.2594140768051147,1.2584631443023682,1.2585898637771606,0,0.0,0.0,False,False,False,False,False,False
2024-11-22 04:00:00+00:00,1.2584631443023682,1.2587641477584839,1.2580832242965698,1.2585581541061401,0,0.0,0.0,False,False,False,False,False,False
2024-11-22 05:00:00+00:00,1.2584948539733887,1.2584948539733887,1.2567076683044434,1.2569762468338013,0,0.0,0.0,False,False,False,False,False,False
2024-11-22 06:00:00+00:00,1.2568340301513672,1.2573713064193726,1.2566444873809814,1.2572448253631592,0,0.0,0.0,False,False,False,False,False,False
2024-11-22 07:00:00+00:00,1.2557765245437622,1.2575136423110962,1.2553036212921143,1.2573238611221313,0,0.0,0.0,False,False,False,False,False,False
2024-11-22 08:00:00+00:00,1.2573397159576416,1.2580515146255493,1.2559500932693481,1.2559500932693481,0,0.0,0.0,False,False,False,False,False,False
2024-11-22 09:00:00+00:00,1.2554140090942383,1.2554140090942383,1.2503907680511475,1.251752495765686,0,0.0,0.0,False,False,False,False,False,False
2024-11-22 10:00:00+00:00,1.251251220703125,1.2539185285568237,1.2488292455673218,1.2536827325820923,0,0.0,0.0,False,True,True,False,False,False
2024-11-22 11:00:00+00:00,1.2534626722335815,1.2534626722335815,1.2508443593978882,1.2510634660720825,0,0.0,0.0,False,False,False,False,False,False
2024-11-22 12:00:00+00:00,1.251564383506775,1.2516584396362305,1.2502501010894775,1.25101637840271,0,0.0,0.0,False,False,False,False,False,False
2024-11-22 13:00:00+00:00,1.2512825727462769,1.2524893283843994,1.2510789632797241,1.2521443367004395,0,0.0,0.0,False,False,False,False,False,False
2024-11-22 14:00:00+00:00,1.2521913051605225,1.2531956434249878,1.251517415046692,1.2517681121826172,0,0.0,0.0,False,False,False,False,False,False
2024-11-22 15:00:00+00:00,1.2520345449447632,1.2537612915039062,1.2516272068023682,1.2526775598526,0,0.0,0.0,False,False,False,False,False,False
2024-11-22 16:00:00+00:00,1.252787470817566,1.252787470817566,1.2508912086486816,1.2515487670898438,0,0.0,0.0,False,False,False,False,False,False
2024-11-22 17:00:00+00:00,1.2515957355499268,1.2531170845031738,1.251564383506775,1.2531170845031738,0,0.0,0.0,False,False,False,False,False,False
2024-11-22 18:00:00+00:00,1.2530386447906494,1.2535254955291748,1.2525991201400757,1.2526618242263794,0,0.0,0.0,False,False,False,False,False,False
2024-11-22 19:00:00+00:00,1.2526148557662964,1.2529287338256836,1.2523481845855713,1.2528972625732422,0,0.0,0.0,False,False,False,False,False,False
2024-11-22 20:00:00+00:00,1.2525677680969238,1.2531956434249878,1.2523010969161987,1.2531956434249878,0,0.0,0.0,False,False,False,False,False,False
2024-11-22 21:00:00+00:00,1.2530386447906494,1.2534940242767334,1.2529758214950562,1.253007173538208,0,0.0,0.0,False,False,False,False,False,False
2024-11-22 22:00:00+00:00,1.2535884380340576,1.2535884380340576,1.2535884380340576,1.2535884380340576,0,0.0,0.0,False,False,False,False,False,False
2024-11-25 00:00:00+00:00,1.259176254272461,1.25985848903656,1.2588751316070557,1.2596997022628784,0,0.0,0.0,False,False,False,False,False,False
2024-11-25 01:00:00+00:00,1.2595410346984863,1.2604142427444458,1.259239673614502,1.2593666315078735,0,0.0,0.0,False,False,False,False,False,False
2024-11-25 02:00:00+00:00,1.2594616413116455,1.260668396949768,1.2592555284500122,1.260191798210144,0,0.0,0.0,True,False,False,True,False,False
2024-11-25 03:00:00+00:00,1.2601124048233032,1.2603188753128052,1.2593348026275635,1.2595410346984863,0,0.0,0.0,False,False,False,False,False,False
2024-11-25 04:00:00+00:00,1.2593666315078735,1.2596678733825684,1.2591921091079712,1.2595410346984863,0,0.0,0.0,False,False,False,False,False,False
2024-11-25 05:00:00+00:00,1.2597472667694092,1.2600488662719727,1.258954405784607,1.259525179862976,0,0.0,0.0,False,False,False,False,False,False
2024-11-25 06:00:00+00:00,1.2594616413116455,1.2604618072509766,1.25911283493042,1.2601124048233032,0,0.0,0.0,False,False,False,False,False,False
2024-11-25 07:00:00+00:00,1.2599854469299316,1.2599854469299316,1.257403016090393,1.257403016090393,0,0.0,0.0,False,False,False,False,False,False
2024-11-25 08:00:00+00:00,1.257165789604187,1.2571974992752075,1.2549885511398315,1.256044626235962,0,0.0,0.0,False,True,True,False,False,False
2024-11-25 09:00:00+00:00,1.2561867237091064,1.257861614227295,1.2561867237091064,1.2573871612548828,0,0.0,0.0,False,False,False,False,False,False
2024-11-25 10:00:00+00:00,1.2573555707931519,1.2583048343658447,1.2571816444396973,1.2578933238983154,0,0.0,0.0,False,False,False,False,False,False
2024-11-25 11:00:00+00:00,1.2579091787338257,1.2581782341003418,1.2563918828964233,1.2566603422164917,0,0.0,0.0,False,False,False,False,False,False
2024-11-25 12:00:00+00:00,1.2565339803695679,1.2573871612548828,1.2553666830062866,1.2570710182189941,0,0.0,0.0,False,False,False,False,False,False
2024-11-25 13:00:00+00:00,1.2573081254959106,1.2611613273620605,1.2571184635162354,1.2611453533172607,0,0.0,0.0,False,False,False,False,False,False
2024-11-25 14:00:00+00:00,1.261304497718811,1.261304497718811,1.2585265636444092,1.2585581541061401,0,0.0,0.0,True,False,False,True,False,False
2024-11-25 15:00:00+00:00,1.258605718612671,1.2593666315078735,1.2548468112945557,1.2548468112945557,0,0.0,0.0,False,False,False,False,False,False
2024-11-25 16:00:00+00:00,1.255177617073059,1.2564550638198853,1.2542487382888794,1.255098819732666,0,0.0,0.0,False,True,False,False,False,False
2024-11-25 17:00:00+00:00,1.2551460266113281,1.2555873394012451,1.2544533014297485,1.2555873394012451,0,0.0,0.0,False,False,False,False,False,False
2024-11-25 18:00:00+00:00,1.2554612159729004,1.2575136423110962,1.2554612159729004,1.2575136423110962,0,0.0,0.0,False,False,False,False,False,False
2024-11-25 19:00:00+00:00,1.257576823234558,1.2576876878738403,1.257102608680725,1.257466197013855,0,0.0,0.0,False,False,False,False,False,False
2024-11-25 20:00:00+00:00,1.257466197013855,1.257830023765564,1.256691813468933,1.256691813468933,0,0.0,0.0,False,False,False,True,False,False
2024-11-25 21:00:00+00:00,1.2567392587661743,1.2571343183517456,1.2564393281936646,1.2568498849868774,0,0.0,0.0,False,False,False,False,False,False
2024-11-25 22:00:00+00:00,1.2568813562393188,1.2572448253631592,1.2564866542816162,1.2570552825927734,0,0.0,0.0,False,False,False,False,False,False
2024-11-25 23:00:00+00:00,1.2569762468338013,1.2573238611221313,1.253085732460022,1.2542644739151,0,0.0,0.0,False,False,False,False,False,False
2024-11-26 00:00:00+00:00,1.253289818763733,1.2536512613296509,1.2514078617095947,1.2514078617095947,0,0.0,0.0,False,False,False,False,False,False
2024-11-26 01:00:00+00:00,1.251517415046692,1.2536355257034302,1.2508286237716675,1.2526148557662964,0,0.0,0.0,False,True,True,False,False,False
2024-11-26 02:00:00+00:00,1.2527717351913452,1.2534940242767334,1.2525520324707031,1.2533841133117676,0,0.0,0.0,False,False,False,False,False,False
2024-11-26 03:00:00+00:00,1.2532427310943604,1.2549728155136108,1.2530543804168701,1.2548153400421143,0,0.0,0.0,False,False,False,False,False,False
2024-11-26 04:00:00+00:00,1.2549885511398315,1.2562813758850098,1.2549885511398315,1.2552248239517212,0,0.0,0.0,False,False,False,False,False,False
2024-11-26 05:00:00+00:00,1.2552564144134521,1.255508542060852,1.2547681331634521,1.2548940181732178,0,0.0,0.0,False,False,False,False,False,False
2024-11-26 06:00:00+00:00,1.254909873008728,1.2555873394012451,1.2545477151870728,1.254689335823059,0,0.0,0.0,False,False,False,False,False,False
2024-11-26 07:00:00+00:00,1.254531979560852,1.2553666830062866,1.2543588876724243,1.2545477151870728,0,0.0,0.0,False,False,False,False,False,False
2024-11-26 08:00:00+00:00,1.2544218301773071,1.2554454803466797,1.2539657354354858,1.2553036212921143,0,0.0,0.0,False,False,False,False,False,False
2024-11-26 09:00:00+00:00,1.2553666830062866,1.257576823234558,1.2553666830062866,1.2569762468338013,0,0.0,0.0,False,False,False,False,False,False
2024-11-26 10:00:00+00:00,1.2571816444396973,1.2592238187789917,1.2571816444396973,1.259049415588379,0,0.0,0.0,False,False,False,False,False,False
2024-11-26 11:00:00+00:00,1.2588908672332764,1.259049415588379,1.257466197013855,1.2584631443023682,0,0.0,0.0,False,False,False,False,False,False
2024-11-26 12:00:00+00:00,1.2582573890686035,1.2615749835968018,1.257956624031067,1.2606843709945679,0,0.0,0.0,True,False,False,True,False,False
2024-11-26 13:00:00+00:00,1.2608431577682495,1.2608431577682495,1.2580357789993286,1.2580357789993286,0,0.0,0.0,False,False,False,False,False,False
2024-11-26 14:00:00+00:00,1.2582573890686035,1.2588274478912354,1.2571500539779663,1.2574979066848755,0,0.0,0.0,False,False,False,False,False,False
2024-11-26 15:00:00+00:00,1.2577508687973022,1.2577508687973022,1.2555716037750244,1.256502389907837,0,0.0,0.0,False,False,False,False,False,False
2024-11-26 16:00:00+00:00,1.2563602924346924,1.2565182447433472,1.2538398504257202,1.2542644739151,0,0.0,0.0,False,False,False,False,False,False
2024-11-26 17:00:00+00:00,1.2541857957839966,1.2544375658035278,1.2532427310943604,1.253777027130127,0,0.0,0.0,False,False,False,False,False,False
2024-11-26 18:00:00+00:00,1.2539026737213135,1.254091501235962,1.252536416053772,1.2535412311553955,0,0.0,0.0,False,True,True,False,False,False
2024-11-26 19:00:00+00:00,1.253415584564209,1.2549256086349487,1.2531485557556152,1.254831075668335,0,0.0,0.0,False,False,False,False,False,False
2024-11-26 20:00:00+00:00,1.2545791864395142,1.2558554410934448,1.2545791864395142,1.2558554410934448,0,0.0,0.0,False,False,False,False,False,False
2024-11-26 21:00:00+00:00,1.255934238433838,1.256960391998291,1.2558711767196655,1.2569445371627808,0,0.0,0.0,False,False,False,False,False,False
2024-11-26 22:00:00+00:00,1.2570552825927734,1.2570867538452148,1.2566760778427124,1.2570710182189941,0,0.0,0.0,False,False,False,False,False,False
2024-11-26 23:00:00+00:00,1.25692880153656,1.2574344873428345,1.25692880153656,1.2573871612548828,0,0.0,0.0,False,False,False,False,False,False
2024-11-27 00:00:00+00:00,1.2574344873428345,1.257735013961792,1.2571816444396973,1.257403016090393,0,0.0,0.0,False,False,False,False,False,False
2024-11-27 01:00:00+00:00,1.2573555707931519,1.2580357789993286,1.2572606801986694,1.257466197013855,0,0.0,0.0,True,False,False,True,False,False
2024-11-27 02:00:00+00:00,1.2574820518493652,1.2575610876083374,1.2570710182189941,1.2574979066848755,0,0.0,0.0,False,False,False,False,False,False
2024-11-27 03:00:00+00:00,1.2575136423110962,1.2575136423110962,1.257023572921753,1.257228970527649,0,0.0,0.0,False,False,False,False,False,False
2024-11-27 04:00:00+00:00,1.2572765350341797,1.257576823234558,1.256897211074829,1.2572922706604004,0,0.0,0.0,False,False,False,False,False,False
2024-11-27 05:00:00+00:00,1.257228970527649,1.2572922706604004,1.2567235231399536,1.2568498849868774,0,0.0,0.0,False,True,True,False,False,False
2024-11-27 06:00:00+00:00,1.256818175315857,1.2580199241638184,1.256818175315857,1.2574979066848755,0,0.0,0.0,False,False,False,False,False,False
2024-11-27 07:00:00+00:00,1.2574820518493652,1.2596838474273682,1.2574820518493652,1.2593982219696045,0,0.0,0.0,False,False,False,False,False,False
2024-11-27 08:00:00+00:00,1.259049415588379,1.261527180671692,1.259049415588379,1.259921908378601,0,0.0,0.0,False,False,False,False,False,False
2024-11-27 09:00:00+00:00,1.2597790956497192,1.26095449924469,1.2593823671340942,1.2602077722549438,0,0.0,0.0,False,False,False,False,False,False
2024-11-27 10:00:00+00:00,1.2604459524154663,1.2618615627288818,1.2599377632141113,1.2618615627288818,0,0.0,0.0,False,False,False,False,False,False
2024-11-27 11:00:00+00:00,1.2614953517913818,1.2618615627288818,1.2601124048233032,1.2610976696014404,0,0.0,0.0,False,False,False,False,False,False
2024-11-27 12:00:00+00:00,1.2611136436462402,1.2631685733795166,1.2609386444091797,1.2627220153808594,0,0.0,0.0,False,False,False,False,False,False
2024-11-27 13:00:00+00:00,1.262977123260498,1.2661433219909668,1.2625465393066406,1.2659189701080322,0,0.0,0.0,False,False,False,False,False,False
2024-11-27 14:00:00+00:00,1.2663518190383911,1.2666724920272827,1.2642384767532349,1.2651981115341187,0,0.0,0.0,False,False,False,False,False,False
2024-11-27 15:00:00+00:00,1.2648941278457642,1.2685364484786987,1.2634717226028442,1.2680377960205078,0,0.0,0.0,False,False,False,False,False,False
2024-11-27 16:00:00+00:00,1.267812728881836,1.269261121749878,1.2665603160858154,1.2677162885665894,0,0.0,0.0,False,False,False,False,False,False
2024-11-27 17:00:00+00:00,1.2675877809524536,1.2693254947662354,1.267138123512268,1.267539620399475,0,0.0,0.0,True,False,False,True,False,False
2024-11-27 18:00:00+00:00,1.2675718069076538,1.268182635307312,1.2673307657241821,1.2677162885665894,0,0.0,0.0,False,False,False,False,False,False
2024-11-27 19:00:00+00:00,1.2676520347595215,1.2680377960205078,1.2672022581100464,1.267250418663025,0,0.0,0.0,False,False,False,False,False,False
2024-11-27 20:00:00+00:00,1.2673307657241821,1.2679253816604614,1.2670738697052002,1.2679253816604614,0,0.0,0.0,False,False,False,False,False,False
2024-11-27 21:00:00+00:00,1.2678449153900146,1.2682147026062012,1.2677645683288574,1.2680217027664185,0,0.0,0.0,False,False,False,False,False,False
2024-11-27 22:00:00+00:00,1.2679253816604614,1.2686330080032349,1.2675235271453857,1.2680217027664185,0,0.0,0.0,False,False,False,False,False,False
2024-11-27 23:00:00+00:00,1.268166422843933,1.2683756351470947,1.2677162885665894,1.267748475074768,0,0.0,0.0,False,False,False,False,False,False
2024-11-28 00:00:00+00:00,1.267812728881836,1.267812728881836,1.2670416831970215,1.2671540975570679,0,0.0,0.0,False,False,False,False,False,False
2024-11-28 01:00:00+00:00,1.2670577764511108,1.2677966356277466,1.266592264175415,1.2672343254089355,0,0.0,0.0,False,False,False,False,False,False
2024-11-28 02:00:00+00:00,1.2673789262771606,1.2675235271453857,1.2665603160858154,1.266993522644043,0,0.0,0.0,False,False,False,False,False,False
2024-11-28 03:00:00+00:00,1.2670577764511108,1.2670577764511108,1.2661913633346558,1.2662715911865234,0,0.0,0.0,False,False,False,False,False,False
2024-11-28 04:00:00+00:00,1.2664319276809692,1.2666566371917725,1.2660471200942993,1.2666083574295044,0,0.0,0.0,False,False,False,False,False,False
2024-11-28 05:00:00+00:00,1.2667367458343506,1.2669614553451538,1.2664159536361694,1.2664159536361694,0,0.0,0.0,False,False,False,False,False,False
2024-11-28 06:00:00+00:00,1.2664159536361694,1.2666566371917725,1.265854835510254,1.2660791873931885,0,0.0,0.0,False,False,False,False,False,False
2024-11-28 07:00:00+00:00,1.2661112546920776,1.26675283908844,1.2647502422332764,1.2653743028640747,0,0.0,0.0,False,False,False,False,False,False
2024-11-28 08:00:00+00:00,1.2650221586227417,1.2656946182250977,1.2646541595458984,1.265214204788208,0,0.0,0.0,False,False,False,False,False,False
2024-11-28 09:00:00+00:00,1.2653262615203857,1.2658227682113647,1.2646220922470093,1.265166163444519,0,0.0,0.0,False,True,True,False,False,False
2024-11-28 10:00:00+00:00,1.2651501893997192,1.2668169736862183,1.2648141384124756,1.266544222831726,0,0.0,0.0,False,False,False,False,False,False
2024-11-28 11:00:00+00:00,1.266544222831726,1.2674272060394287,1.2663837671279907,1.2666083574295044,0,0.0,0.0,False,False,False,False,False,False
2024-11-28 12:00:00+00:00,1.2667207717895508,1.2668811082839966,1.2660951614379883,1.266688585281372,0,0.0,0.0,False,False,False,False,False,False
2024-11-28 13:00:00+00:00,1.2665603160858154,1.2671220302581787,1.266175389289856,1.2663518190383911,0,0.0,0.0,False,False,False,False,False,False
2024-11-28 14:00:00+00:00,1.266544222831726,1.2674914598464966,1.2662235498428345,1.2674914598464966,0,0.0,0.0,False,False,False,False,False,False
2024-11-28 15:00:00+00:00,1.2676842212677002,1.2683273553848267,1.2672665119171143,1.268134355545044,0,0.0,0.0,False,False,False,False,False,False
2024-11-28 16:00:00+00:00,1.2682147026062012,1.2689549922943115,1.2677162885665894,1.26874577999115,0,0.0,0.0,False,False,False,False,False,False
2024-11-28 17:00:00+00:00,1.2687618732452393,1.2689549922943115,1.268455982208252,1.268729567527771,0,0.0,0.0,False,False,False,False,False,False
2024-11-28 18:00:00+00:00,1.2688262462615967,1.2690677642822266,1.2684882879257202,1.2688101530075073,0,0.0,0.0,False,False,False,False,False,False
2024-11-28 19:00:00+00:00,1.2688101530075073,1.2690677642822266,1.2686814069747925,1.2689871788024902,0,0.0,0.0,False,False,False,False,False,False
2024-11-28 20:00:00+00:00,1.2690677642822266,1.2691482305526733,1.2686814069747925,1.2688101530075073,0,0.0,0.0,False,False,False,False,False,False
2024-11-28 21:00:00+00:00,1.268890619277954,1.2690677642822266,1.2687618732452393,1.2688101530075073,0,0.0,0.0,False,False,False,False,False,False
2024-11-28 22:00:00+00:00,1.2684237957000732,1.269196629524231,1.267539620399475,1.2689549922943115,0,0.0,0.0,False,True,False,True,False,False
2024-11-28 23:00:00+00:00,1.2687939405441284,1.269615650177002,1.2685686349868774,1.2695671319961548,0,0.0,0.0,False,False,False,False,False,False
2024-11-29 00:00:00+00:00,1.269599437713623,1.2703735828399658,1.269309401512146,1.2702445983886719,0,0.0,0.0,False,False,False,False,False,False
2024-11-29 01:00:00+00:00,1.2702767848968506,1.2711488008499146,1.2699863910675049,1.270147681236267,0,0.0,0.0,False,False,False,False,False,False
2024-11-29 02:00:00+00:00,1.2702445983886719,1.2712295055389404,1.270228385925293,1.2709063291549683,0,0.0,0.0,False,False,False,False,False,False
2024-11-29 03:00:00+00:00,1.2709709405899048,1.2715204954147339,1.2706480026245117,1.2713426351547241,0,0.0,0.0,False,False,False,False,False,False
2024-11-29 04:00:00+00:00,1.271375060081482,1.2717468738555908,1.2709063291549683,1.2710356712341309,0,0.0,0.0,False,False,False,False,False,False
2024-11-29 05:00:00+00:00,1.2710033655166626,1.2713103294372559,1.2707288265228271,1.2707288265228271,0,0.0,0.0,False,False,False,False,False,False
2024-11-29 06:00:00+00:00,1.2707126140594482,1.2725884914398193,1.2706480026245117,1.2724751234054565,0,0.0,0.0,False,False,False,False,False,False
2024-11-29 07:00:00+00:00,1.2724751234054565,1.2748761177062988,1.2722645998001099,1.2726045846939087,0,0.0,0.0,True,False,False,True,False,False
2024-11-29 08:00:00+00:00,1.2724751234054565,1.2724751234054565,1.2700186967849731,1.27048659324646,0,0.0,0.0,False,False,False,False,False,False
2024-11-29 09:00:00+00:00,1.2705026865005493,1.271164894104004,1.269132137298584,1.2692127227783203,0,0.0,0.0,False,False,False,False,False,False
2024-11-29 10:00:00+00:00,1.269132137298584,1.2695671319961548,1.268343448638916,1.269422173500061,0,0.0,0.0,False,False,False,False,False,False
2024-11-29 11:00:00+00:00,1.2694865465164185,1.269712209701538,1.2689067125320435,1.269712209701538,0,0.0,0.0,False,False,False,False,False,False
2024-11-29 12:00:00+00:00,1.2699863910675049,1.2701154947280884,1.268182635307312,1.269841194152832,0,0.0,0.0,False,False,False,False,False,False
2024-11-29 13:00:00+00:00,1.2699542045593262,1.2703412771224976,1.2679253816604614,1.2684398889541626,0,0.0,0.0,False,False,False,False,False,False
2024-11-29 14:00:00+00:00,1.2688262462615967,1.2693415880203247,1.2672985792160034,1.2689712047576904,0,0.0,0.0,False,True,True,False,False,False
2024-11-29 15:00:00+00:00,1.2689067125320435,1.271358847618103,1.268729567527771,1.2711971998214722,0,0.0,0.0,False,False,False,False,False,False
2024-11-29 16:00:00+00:00,1.2708903551101685,1.2709548473358154,1.2692127227783203,1.2696800231933594,0,0.0,0.0,False,False,False,False,False,False
2024-11-29 17:00:00+00:00,1.2696961164474487,1.272248387336731,1.269309401512146,1.272248387336731,0,0.0,0.0,False,False,False,False,False,False
2024-11-29 18:00:00+00:00,1.2725237607955933,1.2735122442245483,1.2725237607955933,1.272782802581787,0,0.0,0.0,False,False,False,False,False,False
2024-11-29 19:00:00+00:00,1.272782802581787,1.2739503383636475,1.2724913358688354,1.273934006690979,0,0.0,0.0,False,False,False,False,False,False
2024-11-29 20:00:00+00:00,1.2739664316177368,1.274518609046936,1.2736419439315796,1.2744373083114624,0,0.0,0.0,False,False,False,False,False,False
2024-11-29 21:00:00+00:00,1.274518609046936,1.2745997905731201,1.2733986377716064,1.2737555503845215,0,0.0,0.0,True,False,False,True,False,False
2024-11-29 22:00:00+00:00,1.2737555503845215,1.2737555503845215,1.2737555503845215,1.2737555503845215,0,0.0,0.0,False,False,False,False,False,False
2024-12-02 00:00:00+00:00,1.2704381942749023,1.2704381942749023,1.268777847290039,1.2694060802459717,0,0.0,0.0,False,False,False,False,False,False
2024-12-02 01:00:00+00:00,1.2694865465164185,1.2696961164474487,1.2688101530075073,1.2690677642822266,0,0.0,0.0,False,False,False,False,False,False
2024-12-02 02:00:00+00:00,1.2691160440444946,1.2692127227783203,1.268182635307312,1.268890619277954,0,0.0,0.0,False,False,False,False,False,False
2024-12-02 03:00:00+00:00,1.2691482305526733,1.269309401512146,1.2685203552246094,1.2689549922943115,0,0.0,0.0,False,False,False,False,False,False
2024-12-02 04:00:00+00:00,1.268890619277954,1.2694382667541504,1.2686975002288818,1.2691805362701416,0,0.0,0.0,False,False,False,False,False,False
2024-12-02 05:00:00+00:00,1.269309401512146,1.2694705724716187,1.2682147026062012,1.268729567527771,0,0.0,0.0,False,False,False,False,False,False
2024-12-02 06:00:00+00:00,1.2688262462615967,1.2707610130310059,1.268777847290039,1.2705188989639282,0,0.0,0.0,False,False,False,False,False,False
2024-12-02 07:00:00+00:00,1.2707126140594482,1.2708579301834106,1.2681182622909546,1.2683112621307373,0,0.0,0.0,False,False,True,False,False,False
2024-12-02 08:00:00+00:00,1.268182635307312,1.269712209701538,1.268182635307312,1.269422173500061,0,0.0,0.0,False,False,False,False,False,False
2024-12-02 09:00:00+00:00,1.2696316242218018,1.2707610130310059,1.2695027589797974,1.270405888557434,0,0.0,0.0,False,False,False,False,False,False
2024-12-02 10:00:00+00:00,1.2704381942749023,1.271375060081482,1.2699379920959473,1.27068030834198,0,0.0,0.0,False,False,False,False,False,False
2024-12-02 11:00:00+00:00,1.2706480026245117,1.272248387336731,1.2704381942749023,1.2711325883865356,0,0.0,0.0,True,False,False,False,False,False
2024-12-02 12:00:00+00:00,1.271164894104004,1.2711971998214722,1.2664319276809692,1.266800880432129,0,0.0,0.0,False,False,False,False,False,False
2024-12-02 13:00:00+00:00,1.2672183513641357,1.2684882879257202,1.266784906387329,1.2684882879257202,0,0.0,0.0,False,False,False,False,False,False
2024-12-02 14:00:00+00:00,1.2690999507904053,1.2691644430160522,1.2634239196777344,1.2635995149612427,0,0.0,0.0,False,False,False,False,False,False
2024-12-02 15:00:00+00:00,1.2640306949615479,1.2641106843948364,1.2619092464447021,1.2628016471862793,0,0.0,0.0,False,False,True,False,False,False
2024-12-02 16:00:00+00:00,1.2628813982009888,1.2649741172790527,1.2619092464447021,1.2636314630508423,0,0.0,0.0,False,False,True,False,False,False
2024-12-02 17:00:00+00:00,1.263934850692749,1.2654062509536743,1.2635515928268433,1.2644462585449219,0,0.0,0.0,False,False,False,False,False,False
2024-12-02 18:00:00+00:00,1.2647181749343872,1.264958143234253,1.264222502708435,1.2646220922470093,0,0.0,0.0,False,False,False,False,False,False
2024-12-02 19:00:00+00:00,1.2647981643676758,1.265262246131897,1.2644462585449219,1.2651021480560303,0,0.0,0.0,False,False,False,False,False,False
2024-12-02 20:00:00+00:00,1.26511812210083,1.2670094966888428,1.2648941278457642,1.2654703855514526,0,0.0,0.0,True,False,False,False,False,False
2024-12-02 21:00:00+00:00,1.2652462720870972,1.2657426595687866,1.2651981115341187,1.2655184268951416,0,0.0,0.0,False,False,False,False,False,False
2024-12-02 22:00:00+00:00,1.2655024528503418,1.265934944152832,1.2654863595962524,1.2655024528503418,0,0.0,0.0,False,False,False,False,False,False
2024-12-02 23:00:00+00:00,1.2656304836273193,1.2659028768539429,1.2652301788330078,1.2657907009124756,0,0.0,0.0,False,False,False,False,False,False
2024-12-03 00:00:00+00:00,1.2657586336135864,1.2658227682113647,1.2648460865020752,1.265214204788208,0,0.0,0.0,False,False,False,False,False,False
2024-12-03 01:00:00+00:00,1.2652301788330078,1.2656465768814087,1.2644143104553223,1.264606237411499,0,0.0,0.0,False,False,False,False,False,False
2024-12-03 02:00:00+00:00,1.264734148979187,1.2647502422332764,1.2639987468719482,1.2642863988876343,0,0.0,0.0,False,True,True,False,False,False
2024-12-03 03:00:00+00:00,1.2643184661865234,1.2649421691894531,1.2641266584396362,1.2646702527999878,0,0.0,0.0,False,False,False,False,False,False
2024-12-03 04:00:00+00:00,1.2646381855010986,1.2649260759353638,1.2643823623657227,1.2644941806793213,0,0.0,0.0,False,False,False,False,False,False
2024-12-03 05:00:00+00:00,1.2645102739334106,1.2650541067123413,1.2640306949615479,1.2647660970687866,0,0.0,0.0,False,False,False,False,False,False
2024-12-03 06:00:00+00:00,1.264958143234253,1.265390396118164,1.2645741701126099,1.265006184577942,0,0.0,0.0,False,False,False,False,False,False
2024-12-03 07:00:00+00:00,1.265006184577942,1.2672183513641357,1.265006184577942,1.2663036584854126,0,0.0,0.0,False,False,False,False,False,False
2024-12-03 08:00:00+00:00,1.266496181488037,1.2693899869918823,1.266496181488037,1.2689712047576904,0,0.0,0.0,False,False,False,False,False,False
2024-12-03 09:00:00+00:00,1.2694865465164185,1.2695188522338867,1.2674592733383179,1.2677645683288574,0,0.0,0.0,True,False,False,True,False,False
2024-12-03 10:00:00+00:00,1.2679574489593506,1.2683756351470947,1.266544222831726,1.2666724920272827,0,0.0,0.0,False,False,False,False,False,False
2024-12-03 11:00:00+00:00,1.266592264175415,1.2669614553451538,1.266175389289856,1.2663837671279907,0,0.0,0.0,False,False,False,False,False,False
2024-12-03 12:00:00+00:00,1.2662074565887451,1.2664800882339478,1.2644462585449219,1.2644462585449219,0,0.0,0.0,False,False,False,False,False,False
2024-12-03 13:00:00+00:00,1.264606237411499,1.2673468589782715,1.2644941806793213,1.2670416831970215,0,0.0,0.0,False,False,False,False,False,False
2024-12-03 14:00:00+00:00,1.266784906387329,1.267186164855957,1.2659670114517212,1.26639986038208,0,0.0,0.0,False,False,False,False,False,False
2024-12-03 15:00:00+00:00,1.265982985496521,1.2668811082839966,1.2639987468719482,1.2661913633346558,0,0.0,0.0,False,True,True,False,False,False
2024-12-03 16:00:00+00:00,1.2663837671279907,1.2674914598464966,1.265358328819275,1.2674914598464966,0,0.0,0.0,False,False,False,False,False,False
2024-12-03 17:00:00+00:00,1.2677966356277466,1.2692127227783203,1.2666566371917725,1.2692127227783203,0,0.0,0.0,False,False,False,False,False,False
2024-12-03 18:00:00+00:00,1.269534945487976,1.269921898841858,1.2690516710281372,1.2696478366851807,0,0.0,0.0,True,False,False,False,False,False
2024-12-03 19:00:00+00:00,1.2698090076446533,1.2698090076446533,1.2667688131332397,1.2668169736862183,0,0.0,0.0,False,False,False,False,False,False
2024-12-03 20:00:00+00:00,1.266849160194397,1.2677645683288574,1.266849160194397,1.2673146724700928,0,0.0,0.0,False,False,False,False,False,False
2024-12-03 21:00:00+00:00,1.2673789262771606,1.267539620399475,1.2670416831970215,1.2673146724700928,0,0.0,0.0,False,False,False,False,False,False
2024-12-03 22:00:00+00:00,1.2674431800842285,1.2676360607147217,1.266784906387329,1.2671701908111572,0,0.0,0.0,False,False,False,False,False,False
2024-12-03 23:00:00+00:00,1.2671701908111572,1.2675074338912964,1.2668651342391968,1.2674111127853394,0,0.0,0.0,False,False,False,False,False,False
2024-12-04 00:00:00+00:00,1.2674111127853394,1.267812728881836,1.26639986038208,1.2664319276809692,0,0.0,0.0,False,False,False,False,False,False
2024-12-04 01:00:00+00:00,1.2662715911865234,1.2673468589782715,1.2660632133483887,1.266688585281372,0,0.0,0.0,False,False,False,False,False,False
2024-12-04 02:00:00+00:00,1.2668330669403076,1.2671540975570679,1.2662876844406128,1.266367793083191,0,0.0,0.0,False,False,False,False,False,False
2024-12-04 03:00:00+00:00,1.266367793083191,1.266367793083191,1.2652782201766968,1.2655985355377197,0,0.0,0.0,False,False,True,False,False,False
2024-12-04 04:00:00+00:00,1.2654544115066528,1.2680860757827759,1.2652782201766968,1.2679574489593506,0,0.0,0.0,False,False,True,False,False,False
2024-12-04 05:00:00+00:00,1.267909288406372,1.2695188522338867,1.2678288221359253,1.2690999507904053,0,0.0,0.0,False,False,False,False,False,False
2024-12-04 06:00:00+00:00,1.2689228057861328,1.2701154947280884,1.2683112621307373,1.2697607278823853,0,0.0,0.0,True,False,False,True,False,False
2024-12-04 07:00:00+00:00,1.269534945487976,1.2698252201080322,1.2677003145217896,1.268391728401184,0,0.0,0.0,False,False,False,False,False,False
2024-12-04 08:00:00+00:00,1.2685526609420776,1.2695027589797974,1.2669132947921753,1.2672985792160034,0,0.0,0.0,False,False,False,False,False,False
2024-12-04 09:00:00+00:00,1.2671701908111572,1.2680699825286865,1.2635196447372437,1.267603874206543,0,0.0,0.0,False,True,False,False,False,False
2024-12-04 10:00:00+00:00,1.267603874206543,1.2683112621307373,1.2665603160858154,1.2667207717895508,0,0.0,0.0,False,False,False,False,False,False
2024-12-04 11:00:00+00:00,1.2667046785354614,1.2683756351470947,1.2664319276809692,1.2682307958602905,0,0.0,0.0,False,False,False,False,False,False
2024-12-04 12:00:00+00:00,1.2681987285614014,1.2681987285614014,1.2663196325302124,1.2665281295776367,0,0.0,0.0,False,False,False,False,False,False
2024-12-04 13:00:00+00:00,1.26639986038208,1.2679413557052612,1.2661594152450562,1.267138123512268,0,0.0,0.0,False,False,False,False,False,False
2024-12-04 14:00:00+00:00,1.2670738697052002,1.268391728401184,1.26639986038208,1.2672665119171143,0,0.0,0.0,False,False,False,False,False,False
2024-12-04 15:00:00+00:00,1.269599437713623,1.2709063291549683,1.268391728401184,1.270825743675232,0,0.0,0.0,False,False,False,False,False,False
2024-12-04 16:00:00+00:00,1.2707126140594482,1.2717307806015015,1.2701960802078247,1.271019458770752,0,0.0,0.0,False,False,False,False,False,False
2024-12-04 17:00:00+00:00,1.271213412284851,1.2721675634384155,1.2708579301834106,1.2716174125671387,0,0.0,0.0,False,False,False,False,False,False
2024-12-04 18:00:00+00:00,1.2718276977539062,1.2718924283981323,1.2700508832931519,1.2700508832931519,0,0.0,0.0,False,False,False,False,False,False
2024-12-04 19:00:00+00:00,1.2689871788024902,1.2711002826690674,1.2687618732452393,1.2699863910675049,0,0.0,0.0,False,False,False,False,False,False
2024-12-04 20:00:00+00:00,1.2701154947280884,1.2704219818115234,1.2695188522338867,1.2703574895858765,0,0.0,0.0,False,False,False,False,False,False
